policy,time_s,waiting_cars,reward,avg_speed,avg_co2
DQN,12,0.0,-14.637535095214844,11.174141883850098,68.33964538574219
DQN,26,0.0,-7.11600923538208,11.138765335083008,118.17626190185547
DQN,41,0.0,-8.707453727722168,11.103590965270996,125.07418060302734
DQN,55,0.0,-8.622650146484375,11.03490924835205,133.07823181152344
DQN,60,1.0,-9.55879020690918,11.03984260559082,134.24386596679688
DQN,65,1.0,-9.519367218017578,11.010054588317871,125.0179443359375
DQN,70,1.0,-10.070747375488281,11.014175415039062,140.4016876220703
DQN,75,1.0,-11.006917953491211,10.986552238464355,155.44338989257812
DQN,80,1.0,-11.474944114685059,10.938680648803711,156.5091552734375
DQN,85,2.0,-11.695598602294922,10.911304473876953,160.89990234375
DQN,90,2.0,-10.954898834228516,10.901933670043945,148.30099487304688
DQN,95,0.0,-12.071269989013672,10.81972599029541,171.41302490234375
DQN,106,1.0,-11.138453483581543,10.83601188659668,164.42581176757812
DQN,120,1.0,-10.968348503112793,10.910131454467773,157.86392211914062
DQN,135,1.0,-11.077350616455078,10.882442474365234,159.35723876953125
DQN,149,0.0,-11.356738090515137,10.858283996582031,147.02935791015625
DQN,162,1.0,-11.694906234741211,10.885662078857422,169.07418823242188
DQN,173,2.0,-10.633187294006348,10.8505220413208,144.87757873535156
DQN,187,1.0,-11.790772438049316,10.82642936706543,172.6370391845703
DQN,202,1.0,-10.990623474121094,10.904070854187012,152.5083770751953
DQN,216,1.0,-11.780020713806152,10.935104370117188,158.6680145263672
DQN,231,1.0,-10.471827507019043,10.904974937438965,154.95358276367188
DQN,245,0.0,-12.37682819366455,10.857108116149902,168.0370635986328
DQN,256,1.0,-11.812244415283203,10.946662902832031,159.03219604492188
DQN,270,2.0,-10.204773902893066,10.918663024902344,142.71975708007812
DQN,285,0.0,-12.018304824829102,10.890958786010742,164.37191772460938
DQN,299,0.0,-11.42960262298584,10.921409606933594,153.6312713623047
DQN,310,0.0,-11.89261531829834,10.90583610534668,160.63470458984375
DQN,324,0.0,-10.962923049926758,10.883072853088379,171.03428649902344
DQN,335,0.0,-12.340051651000977,10.884360313415527,161.38536071777344
DQN,349,1.0,-11.832523345947266,10.958521842956543,173.5731658935547
DQN,364,1.0,-10.076353073120117,10.823868751525879,134.53668212890625
DQN,378,1.0,-11.116005897521973,10.900606155395508,149.36610412597656
DQN,393,1.0,-11.172107696533203,10.929162979125977,168.652099609375
DQN,407,0.0,-10.84347152709961,10.924605369567871,149.17210388183594
DQN,422,1.0,-11.40947437286377,10.867115020751953,170.9930877685547
DQN,436,2.0,-11.699599266052246,10.855799674987793,173.4898681640625
DQN,451,2.0,-11.628385543823242,10.834815979003906,154.650146484375
DQN,465,1.0,-21.31321144104004,10.855823516845703,154.16787719726562
DQN,480,1.0,-22.02002716064453,10.926045417785645,154.19268798828125
DQN,494,0.0,-21.04600715637207,10.930466651916504,158.6570281982422
DQN,509,0.0,-22.498384475708008,10.853710174560547,182.15711975097656
DQN,523,1.0,-22.282732009887695,10.916261672973633,180.8477783203125
DQN,538,2.0,-20.430469512939453,10.903929710388184,132.9224395751953
DQN,552,1.0,-21.650386810302734,10.848830223083496,169.4425048828125
DQN,567,1.0,-21.70962142944336,10.93143367767334,166.23471069335938
DQN,581,1.0,-20.43230438232422,10.918777465820312,143.32510375976562
DQN,596,0.0,-21.419538497924805,10.884652137756348,175.31796264648438
DQN,610,0.0,-22.01038360595703,10.898382186889648,180.72052001953125
DQN,625,0.0,-21.19521141052246,10.93932056427002,153.9225616455078
DQN,639,0.0,-22.254640579223633,10.873152732849121,168.36074829101562
DQN,652,2.0,-12.119368553161621,10.901253700256348,177.2330322265625
DQN,657,2.0,-12.309096336364746,10.919539451599121,164.12429809570312
DQN,662,2.0,-11.79513931274414,10.91193675994873,150.75196838378906
DQN,667,2.0,-11.352866172790527,10.923806190490723,146.9712677001953
DQN,672,2.0,-10.96078109741211,10.913901329040527,156.26979064941406
DQN,677,1.0,-10.914444923400879,10.900898933410645,153.12106323242188
DQN,682,0.0,-10.384636878967285,10.872058868408203,121.80487823486328
DQN,693,0.0,-12.43154239654541,10.861795425415039,163.35093688964844
DQN,707,0.0,-12.382682800292969,10.93990421295166,157.28536987304688
DQN,722,1.0,-9.887024879455566,10.877569198608398,144.09686279296875
DQN,736,0.0,-12.208046913146973,10.887683868408203,159.0240936279297
DQN,747,1.0,-12.031603813171387,10.909977912902832,164.249267578125
DQN,761,1.0,-11.207376480102539,10.926544189453125,166.19039916992188
DQN,776,1.0,-10.705253601074219,10.901998519897461,160.77310180664062
DQN,790,1.0,-11.678194999694824,10.863083839416504,160.908447265625
DQN,801,2.0,-11.73863697052002,10.883605003356934,163.37940979003906
DQN,815,0.0,-11.760173797607422,10.833868026733398,157.65982055664062
DQN,830,0.0,-11.09535026550293,10.910266876220703,163.55165100097656
DQN,844,0.0,-11.521909713745117,10.912760734558105,152.6409912109375
DQN,855,0.0,-10.97244930267334,10.914372444152832,163.82424926757812
DQN,869,0.0,-12.445037841796875,10.908862113952637,180.5821075439453
DQN,874,0.0,-12.492630958557129,10.89084529876709,175.64788818359375
DQN,885,0.0,-12.371323585510254,10.916543006896973,177.05300903320312
DQN,899,1.0,-10.314247131347656,10.882658958435059,142.218505859375
DQN,904,0.0,-9.945890426635742,10.83690357208252,150.93092346191406
DQN,909,0.0,-11.316032409667969,10.86837100982666,160.5071563720703
DQN,920,0.0,-11.91547679901123,10.896286010742188,164.55648803710938
DQN,934,0.0,-11.594147682189941,10.937591552734375,163.01046752929688
DQN,945,0.0,-10.796137809753418,10.910929679870605,157.0138397216797
DQN,959,0.0,-22.655101776123047,10.852546691894531,196.8601837158203
DQN,970,0.0,-22.137033462524414,10.877715110778809,178.92941284179688
DQN,984,1.0,-11.09304141998291,10.927336692810059,139.02183532714844
DQN,999,0.0,-11.79081916809082,10.857649803161621,181.86376953125
DQN,1013,0.0,-11.067420959472656,10.906046867370605,167.49205017089844
DQN,1028,0.0,-10.936322212219238,10.941664695739746,150.36802673339844
DQN,1042,1.0,-10.584101676940918,10.913775444030762,163.71875
DQN,1047,0.0,-12.329227447509766,10.924373626708984,183.55538940429688
DQN,1058,0.0,-12.036230087280273,10.906387329101562,190.4293975830078
DQN,1072,0.0,-12.06663990020752,10.924004554748535,172.65855407714844
DQN,1083,0.0,-10.380258560180664,10.8429594039917,154.53640747070312
DQN,1097,0.0,-12.584585189819336,10.894783020019531,182.843994140625
DQN,1108,0.0,-11.478034019470215,10.913559913635254,149.96685791015625
DQN,1122,1.0,-10.815506935119629,10.866743087768555,156.17184448242188
DQN,1133,1.0,-10.6295804977417,10.90202522277832,157.06521606445312
DQN,1147,2.0,-20.72723960876465,10.811474800109863,151.6743927001953
DQN,1158,2.0,-21.039417266845703,10.855759620666504,141.90443420410156
DQN,1172,2.0,-10.822439193725586,10.858089447021484,158.4361572265625
DQN,1187,0.0,-12.055590629577637,10.90388298034668,166.04454040527344
DQN,1201,0.0,-11.470837593078613,10.941123008728027,156.30587768554688
DQN,1212,0.0,-10.459168434143066,10.921648979187012,139.45126342773438
DQN,1226,0.0,-11.312087059020996,10.904695510864258,171.65330505371094
DQN,1237,0.0,-12.12572193145752,10.856255531311035,200.87327575683594
DQN,1251,1.0,-11.113020896911621,10.956292152404785,162.5935516357422
DQN,1266,1.0,-11.146190643310547,10.797411918640137,168.3917694091797
DQN,1280,1.0,-11.902836799621582,10.888653755187988,172.08218383789062
DQN,1295,1.0,-11.065463066101074,10.913383483886719,140.2521209716797
DQN,1309,0.0,-10.585026741027832,10.906537055969238,136.2188262939453
DQN,1322,0.0,-12.380038261413574,10.867667198181152,180.03369140625
DQN,1333,1.0,-11.128039360046387,10.901345252990723,145.6019287109375
DQN,1347,2.0,-10.175806045532227,10.88027572631836,142.40518188476562
DQN,1362,1.0,-11.053625106811523,10.83735466003418,162.77023315429688
DQN,1376,1.0,-12.338390350341797,10.910491943359375,176.0248565673828
DQN,1391,1.0,-10.5139741897583,10.927687644958496,151.8121795654297
DQN,1405,0.0,-10.616080284118652,10.900792121887207,154.94566345214844
DQN,1418,0.0,-11.978546142578125,10.889776229858398,176.04115295410156
DQN,1429,0.0,-11.091659545898438,10.909527778625488,137.4611053466797
DQN,1443,0.0,-11.048900604248047,10.849996566772461,145.28497314453125
DQN,1456,0.0,-13.280156135559082,10.903017044067383,204.0733642578125
DQN,1467,0.0,-12.572693824768066,10.935293197631836,161.02137756347656
DQN,1481,0.0,-10.460673332214355,10.96216106414795,136.84521484375
DQN,1492,1.0,-9.81930923461914,10.928998947143555,134.87989807128906
DQN,1506,1.0,-11.572625160217285,10.86474609375,177.033203125
DQN,1511,2.0,-11.163145065307617,10.85147762298584,147.46376037597656
DQN,1522,2.0,-11.265539169311523,10.84346866607666,174.56411743164062
DQN,1536,0.0,-11.262857437133789,10.828099250793457,168.06556701660156
DQN,1551,0.0,-11.692337036132812,10.879528999328613,168.79391479492188
DQN,1565,0.0,-11.465720176696777,10.926536560058594,158.4263458251953
DQN,1576,0.0,-10.491995811462402,10.914490699768066,151.2260284423828
DQN,1590,0.0,-12.01091194152832,10.833361625671387,164.46536254882812
DQN,1601,0.0,-12.901177406311035,10.905721664428711,191.36964416503906
DQN,1615,2.0,-11.457551956176758,10.890565872192383,154.29495239257812
DQN,1630,1.0,-11.70390510559082,10.858325004577637,177.0816650390625
DQN,1644,2.0,-11.644901275634766,10.900392532348633,162.29217529296875
DQN,1659,2.0,-11.039429664611816,10.930644989013672,145.6239471435547
DQN,1673,1.0,-10.42246150970459,10.883793830871582,156.0030517578125
DQN,1688,0.0,-12.059710502624512,10.901665687561035,159.78363037109375
DQN,1702,2.0,-10.733640670776367,10.93614387512207,154.3678436279297
DQN,1717,0.0,-11.194849014282227,10.827194213867188,176.3339385986328
DQN,1731,0.0,-21.2310733795166,10.901453971862793,159.9665069580078
DQN,1746,0.0,-21.98196029663086,10.946979522705078,165.76614379882812
DQN,1760,0.0,-21.13758087158203,10.9332857131958,154.14486694335938
DQN,1773,0.0,-12.54834270477295,10.874791145324707,165.40464782714844
DQN,1784,1.0,-12.643385887145996,10.930413246154785,153.54042053222656
DQN,1798,2.0,-10.150964736938477,10.879556655883789,151.49928283691406
DQN,1813,1.0,-12.639039993286133,10.85165786743164,171.92027282714844
DQN,1827,1.0,-11.626801490783691,10.92421817779541,144.0731201171875
DQN,1842,1.0,-10.683692932128906,10.908011436462402,151.0037078857422
DQN,1856,1.0,-10.727461814880371,10.911882400512695,155.8346405029297
DQN,1869,1.0,-11.277796745300293,10.844131469726562,161.8899688720703
DQN,1874,1.0,-11.506366729736328,10.845108032226562,153.77462768554688
DQN,1879,1.0,-11.800593376159668,10.857677459716797,171.02713012695312
DQN,1884,1.0,-11.984387397766113,10.844685554504395,157.89614868164062
DQN,1889,1.0,-11.010849952697754,10.841231346130371,151.79779052734375
DQN,1894,0.0,-10.87846851348877,10.803829193115234,150.6985626220703
DQN,1899,1.0,-11.678339004516602,10.825620651245117,163.6593017578125
DQN,1910,1.0,-11.82665729522705,10.8659029006958,156.62681579589844
DQN,1924,1.0,-11.773664474487305,10.920696258544922,170.59341430664062
DQN,1939,0.0,-10.433575630187988,10.902656555175781,148.0283966064453
DQN,1953,1.0,-12.610816955566406,10.857537269592285,181.4313507080078
DQN,1968,1.0,-11.174025535583496,10.957584381103516,156.5159454345703
DQN,1982,2.0,-10.887410163879395,10.855798721313477,171.91098022460938
DQN,1997,0.0,-11.979110717773438,10.914300918579102,169.50201416015625
DQN,2011,0.0,-11.569307327270508,10.928426742553711,165.41075134277344
DQN,2022,1.0,-10.183324813842773,10.911219596862793,145.73097229003906
DQN,2036,0.0,-11.484155654907227,10.896020889282227,172.06829833984375
DQN,2051,1.0,-13.050816535949707,10.885662078857422,188.7608184814453
DQN,2065,1.0,-11.164283752441406,10.920398712158203,157.10267639160156
DQN,2080,0.0,-12.231087684631348,10.870393753051758,161.81129455566406
DQN,2094,0.0,-12.172210693359375,10.923039436340332,170.6922149658203
DQN,2109,0.0,-10.781510353088379,10.949811935424805,152.00733947753906
DQN,2123,0.0,-10.316004753112793,10.904277801513672,141.17416381835938
DQN,2128,1.0,-11.948495864868164,10.871024131774902,177.52572631835938
DQN,2139,0.0,-12.686166763305664,10.926122665405273,185.73196411132812
DQN,2153,2.0,-11.067915916442871,10.951894760131836,147.62240600585938
DQN,2168,0.0,-11.258953094482422,10.854633331298828,163.714111328125
DQN,2182,0.0,-11.069679260253906,10.910720825195312,157.5529022216797
DQN,2197,1.0,-11.205251693725586,10.945208549499512,159.69773864746094
DQN,2211,1.0,-9.913866996765137,10.889114379882812,133.09573364257812
DQN,2224,1.0,-11.149186134338379,10.868019104003906,159.46119689941406
DQN,2229,1.0,-10.669459342956543,10.873300552368164,141.08546447753906
DQN,2234,1.0,-11.137348175048828,10.868313789367676,157.96755981445312
DQN,2239,1.0,-11.421177864074707,10.857261657714844,167.09251403808594
DQN,2244,2.0,-11.068425178527832,10.860054969787598,140.94374084472656
DQN,2249,1.0,-12.187104225158691,10.855673789978027,161.30101013183594
DQN,2254,0.0,-11.571779251098633,10.846694946289062,147.82032775878906
DQN,2265,0.0,-12.025569915771484,10.875265121459961,174.7306671142578
DQN,2279,0.0,-11.298166275024414,10.916367530822754,155.5437469482422
DQN,2290,0.0,-10.704922676086426,10.927787780761719,144.0208282470703
DQN,2304,0.0,-10.714672088623047,10.912508010864258,161.39028930664062
DQN,2309,0.0,-11.544836044311523,10.871355056762695,167.73399353027344
DQN,2320,0.0,-12.550256729125977,10.874938011169434,173.12892150878906
DQN,2334,2.0,-10.622076988220215,10.924810409545898,137.3312225341797
DQN,2349,1.0,-12.101493835449219,10.876957893371582,172.64891052246094
DQN,2363,1.0,-11.943495750427246,10.852356910705566,184.7292938232422
DQN,2378,1.0,-10.969377517700195,10.91790771484375,158.6187286376953
DQN,2392,0.0,-10.713382720947266,10.902234077453613,151.83987426757812
DQN,2407,0.0,-11.910008430480957,10.881929397583008,165.39700317382812
DQN,2421,1.0,-11.040282249450684,10.895468711853027,163.04820251464844
DQN,2436,1.0,-10.048900604248047,10.808769226074219,156.24600219726562
DQN,2450,1.0,-21.9924373626709,10.867552757263184,170.24266052246094
DQN,2465,1.0,-21.522701263427734,10.939271926879883,162.88888549804688
DQN,2479,0.0,-20.929500579833984,10.918323516845703,157.65162658691406
DQN,2494,0.0,-22.303712844848633,10.903971672058105,181.93870544433594
DQN,2508,0.0,-20.915218353271484,10.927650451660156,131.35769653320312
DQN,2523,0.0,-20.268281936645508,10.821253776550293,152.84909057617188
DQN,2537,0.0,-22.717884063720703,10.874211311340332,147.99090576171875
DQN,2552,1.0,-21.02774429321289,10.917259216308594,157.0467987060547
DQN,2566,1.0,-21.343658447265625,10.915655136108398,160.06857299804688
DQN,2581,1.0,-20.912446975708008,10.86453914642334,150.0839080810547
DQN,2595,2.0,-21.311328887939453,10.840386390686035,172.2142333984375
DQN,2610,2.0,-21.07587432861328,10.827025413513184,164.52821350097656
DQN,2624,0.0,-22.92137336730957,10.846598625183105,207.900634765625
DQN,2639,0.0,-21.319292068481445,10.925280570983887,147.65481567382812
DQN,2653,0.0,-20.829837799072266,10.903895378112793,164.66360473632812
DQN,2668,0.0,-21.51604652404785,10.878199577331543,157.84129333496094
DQN,2682,0.0,-21.94308853149414,10.881682395935059,187.40771484375
DQN,2697,2.0,-20.31511116027832,10.889705657958984,146.65411376953125
DQN,2711,0.0,-21.181676864624023,10.871773719787598,157.16525268554688
DQN,2726,0.0,-21.43733787536621,10.897432327270508,150.56155395507812
DQN,2740,0.0,-20.882118225097656,10.923157691955566,146.8223876953125
DQN,2755,0.0,-20.383258819580078,10.871708869934082,143.05978393554688
DQN,2769,0.0,-22.10459327697754,10.905573844909668,173.54949951171875
DQN,2784,1.0,-21.024925231933594,10.936790466308594,149.20411682128906
DQN,2798,1.0,-20.758359909057617,10.822122573852539,153.4686737060547
DQN,2803,1.0,-21.735349655151367,10.860100746154785,160.27992248535156
DQN,2818,1.0,-21.04909324645996,10.888981819152832,146.54710388183594
DQN,2832,1.0,-21.29657745361328,10.925403594970703,168.00567626953125
DQN,2847,0.0,-21.279142379760742,10.907355308532715,166.26864624023438
DQN,2861,0.0,-22.372787475585938,10.912243843078613,174.30694580078125
DQN,2876,1.0,-20.65620994567871,10.926281929016113,144.29249572753906
DQN,2890,0.0,-23.203733444213867,10.884708404541016,186.47418212890625
DQN,2905,0.0,-22.839262008666992,10.930150985717773,183.15115356445312
DQN,2919,0.0,-20.49019432067871,10.932159423828125,147.29580688476562
DQN,2934,0.0,-20.733850479125977,10.88241195678711,155.5723876953125
DQN,2948,1.0,-20.578771591186523,10.833106994628906,148.17572021484375
DQN,2963,2.0,-21.40069007873535,10.855978965759277,163.50047302246094
DQN,2977,0.0,-21.168283462524414,10.833999633789062,167.59877014160156
DQN,2992,0.0,-21.41183853149414,10.922683715820312,169.02627563476562
DQN,3006,0.0,-22.226648330688477,10.960539817810059,157.99510192871094
DQN,3021,0.0,-21.030187606811523,10.908653259277344,162.3442840576172
DQN,3035,0.0,-22.734813690185547,10.891072273254395,179.172607421875
DQN,3050,1.0,-20.556642532348633,10.923079490661621,137.11669921875
DQN,3064,1.0,-20.61656951904297,10.836060523986816,152.76730346679688
DQN,3079,1.0,-21.487571716308594,10.920002937316895,148.42799377441406
DQN,3093,1.0,-20.804948806762695,10.930712699890137,155.2398223876953
DQN,3108,0.0,-20.570354461669922,10.908082962036133,145.2855682373047
DQN,3122,0.0,-21.77411651611328,10.866412162780762,179.5653839111328
DQN,3137,0.0,-21.904273986816406,10.909194946289062,162.74978637695312
DQN,3151,2.0,-19.747495651245117,10.866863250732422,135.06631469726562
DQN,3166,1.0,-22.128704071044922,10.874273300170898,166.83546447753906
DQN,3180,1.0,-21.595062255859375,10.927461624145508,163.91404724121094
DQN,3195,0.0,-20.479761123657227,10.9226713180542,155.82371520996094
DQN,3209,0.0,-21.841527938842773,10.854787826538086,176.73751831054688
DQN,3224,0.0,-21.871097564697266,10.896308898925781,165.86068725585938
DQN,3238,2.0,-20.357759475708008,10.900059700012207,141.12799072265625
DQN,3253,1.0,-21.844806671142578,10.850255012512207,161.49327087402344
DQN,3267,1.0,-21.64743995666504,10.9232759475708,165.0101776123047
DQN,3282,1.0,-21.163240432739258,10.919962882995605,152.64028930664062
DQN,3296,1.0,-20.122257232666016,10.898256301879883,145.82705688476562
DQN,3309,1.0,-11.916510581970215,10.861024856567383,175.3413848876953
DQN,3320,2.0,-11.304727554321289,10.826391220092773,147.5327606201172
DQN,3334,1.0,-11.302041053771973,10.819794654846191,167.47438049316406
DQN,3349,1.0,-11.83912181854248,10.879142761230469,157.65367126464844
DQN,3363,1.0,-11.136678695678711,10.935928344726562,167.5555419921875
DQN,3378,0.0,-10.901585578918457,10.89898681640625,150.96934509277344
DQN,3392,0.0,-11.840107917785645,10.834745407104492,177.26954650878906
DQN,3405,0.0,-11.89128589630127,10.943706512451172,170.46141052246094
DQN,3416,2.0,-10.695481300354004,10.916769027709961,156.0282440185547
DQN,3430,1.0,-11.981226921081543,10.84346866607666,181.05902099609375
DQN,3445,1.0,-11.631095886230469,10.910070419311523,172.86376953125
DQN,3459,1.0,-11.141602516174316,10.909599304199219,151.99002075195312
DQN,3474,0.0,-11.255311965942383,10.887447357177734,171.76675415039062
DQN,3488,0.0,-11.565985679626465,10.871846199035645,161.73599243164062
DQN,3499,1.0,-11.694311141967773,10.89489459991455,156.04273986816406
DQN,3513,1.0,-10.184370994567871,10.832487106323242,144.1281280517578
DQN,3528,1.0,-11.656769752502441,10.875720024108887,168.54061889648438
DQN,3542,1.0,-10.962894439697266,10.93288516998291,162.6954803466797
DQN,3557,0.0,-11.400822639465332,10.937384605407715,184.4885711669922
DQN,3571,0.0,-11.697637557983398,10.885141372680664,155.4969482421875
DQN,3584,2.0,-12.443626403808594,10.91030502319336,186.49134826660156
DQN,3589,3.0,-11.931096076965332,10.918484687805176,174.75686645507812
DQN,3594,3.0,-11.749350547790527,10.872014045715332,151.7939910888672
DQN,3599,3.0,-10.777616500854492,10.89116382598877,139.79397583007812
DQN,3604,2.0,-11.169818878173828,10.80555534362793,154.27932739257812
Cyclic,6,0.0,-12.021940231323242,11.180021286010742,45.785614013671875
Cyclic,11,0.0,-14.544239044189453,11.164498329162598,58.181880950927734
Cyclic,23,0.0,-16.446908950805664,11.136274337768555,93.80706024169922
Cyclic,28,0.0,-17.10773277282715,11.125784873962402,80.2906265258789
Cyclic,43,0.0,-8.666181564331055,11.089823722839355,140.25189208984375
Cyclic,48,0.0,-8.285459518432617,11.073744773864746,116.3211441040039
Cyclic,62,1.0,-9.359650611877441,11.037664413452148,121.82733154296875
Cyclic,67,1.0,-9.954952239990234,11.015771865844727,159.70541381835938
Cyclic,79,1.0,-11.169975280761719,10.94417953491211,156.8638458251953
Cyclic,84,2.0,-11.328424453735352,10.93317985534668,154.035400390625
Cyclic,99,0.0,-11.695948600769043,10.852428436279297,163.6322021484375
Cyclic,104,1.0,-11.072699546813965,10.857134819030762,151.45623779296875
Cyclic,118,1.0,-10.818826675415039,10.88195514678955,143.8742218017578
Cyclic,123,1.0,-11.282976150512695,10.915277481079102,157.69287109375
Cyclic,135,1.0,-11.077350616455078,10.882442474365234,159.35723876953125
Cyclic,140,1.0,-10.735608100891113,10.896145820617676,139.45326232910156
Cyclic,155,0.0,-11.383621215820312,10.82791805267334,159.77598571777344
Cyclic,160,2.0,-11.517033576965332,10.875578880310059,159.93734741210938
Cyclic,174,2.0,-10.817136764526367,10.858185768127441,157.47555541992188
Cyclic,179,2.0,-11.128393173217773,10.848095893859863,159.59945678710938
Cyclic,191,1.0,-13.005045890808105,10.84715747833252,191.58641052246094
Cyclic,196,1.0,-11.999324798583984,10.86220645904541,165.04025268554688
Cyclic,211,1.0,-12.14646053314209,10.948545455932617,159.50762939453125
Cyclic,216,1.0,-11.832332611083984,10.935104370117188,158.6680145263672
Cyclic,230,1.0,-10.317037582397461,10.930510520935059,136.77505493164062
Cyclic,235,0.0,-11.41268539428711,10.897560119628906,171.97300720214844
Cyclic,247,0.0,-12.80760383605957,10.90177059173584,182.57994079589844
Cyclic,252,1.0,-12.99362564086914,10.94330883026123,184.6006317138672
Cyclic,267,2.0,-9.66419506072998,10.892014503479004,146.95028686523438
Cyclic,272,2.0,-10.266413688659668,10.847848892211914,153.71475219726562
Cyclic,286,0.0,-11.666035652160645,10.877030372619629,152.163818359375
Cyclic,291,0.0,-11.199108123779297,10.900601387023926,144.22024536132812
Cyclic,303,0.0,-11.223843574523926,10.927546501159668,165.4426727294922
Cyclic,308,0.0,-11.69194507598877,10.91482925415039,156.71974182128906
Cyclic,323,0.0,-10.603266716003418,10.894495010375977,150.345947265625
Cyclic,328,0.0,-12.54848861694336,10.876043319702148,179.4307403564453
Cyclic,342,0.0,-12.799933433532715,10.89059066772461,165.95782470703125
Cyclic,347,1.0,-12.199625968933105,10.937112808227539,150.56207275390625
Cyclic,359,2.0,-9.932416915893555,10.912065505981445,140.6130828857422
Cyclic,364,1.0,-10.12866497039795,10.823868751525879,134.53668212890625
Cyclic,379,1.0,-10.76278018951416,10.910666465759277,151.00619506835938
Cyclic,384,1.0,-10.857690811157227,10.89333724975586,158.7594451904297
Cyclic,398,1.0,-10.918059349060059,10.927949905395508,140.6388702392578
Cyclic,403,1.0,-10.459598541259766,10.912962913513184,143.3411407470703
Cyclic,415,1.0,-10.257170677185059,10.90176010131836,144.81295776367188
Cyclic,420,2.0,-11.129186630249023,10.88253116607666,151.68841552734375
Cyclic,435,2.0,-11.639362335205078,10.83745002746582,173.20274353027344
Cyclic,440,2.0,-11.731237411499023,10.844123840332031,176.18653869628906
Cyclic,454,1.0,-10.686274528503418,10.833980560302734,146.30178833007812
Cyclic,459,1.0,-11.672089576721191,10.852469444274902,162.13792419433594
Cyclic,471,1.0,-11.171270370483398,10.896565437316895,156.71023559570312
Cyclic,476,1.0,-11.54132080078125,10.897445678710938,169.9031524658203
Cyclic,491,1.0,-11.359737396240234,10.923135757446289,159.96380615234375
Cyclic,496,1.0,-11.256312370300293,10.938810348510742,164.82907104492188
Cyclic,510,0.0,-12.7745943069458,10.86465835571289,171.61924743652344
Cyclic,515,1.0,-12.561726570129395,10.876697540283203,174.9832763671875
Cyclic,527,1.0,-11.986032485961914,10.916825294494629,153.74378967285156
Cyclic,532,2.0,-10.739890098571777,10.927160263061523,137.00588989257812
Cyclic,547,1.0,-10.599005699157715,10.827996253967285,163.6862030029297
Cyclic,552,2.0,-11.70269775390625,10.848830223083496,169.4425048828125
Cyclic,566,1.0,-11.657363891601562,10.898175239562988,174.67633056640625
Cyclic,571,1.0,-11.637655258178711,10.922566413879395,166.7271270751953
Cyclic,583,1.0,-10.467344284057617,10.925638198852539,154.2493133544922
Cyclic,588,1.0,-11.12960433959961,10.918020248413086,148.46559143066406
Cyclic,603,0.0,-11.514220237731934,10.850523948669434,171.93228149414062
Cyclic,608,0.0,-12.08399772644043,10.88532829284668,147.4912109375
Cyclic,622,0.0,-11.246295928955078,10.950392723083496,158.44158935546875
Cyclic,627,1.0,-10.899833679199219,10.935803413391113,153.73257446289062
Cyclic,639,0.0,-12.254640579223633,10.873152732849121,168.36074829101562
Cyclic,644,3.0,-13.349047660827637,10.885732650756836,178.40293884277344
Cyclic,659,2.0,-12.11380386352539,10.929391860961914,171.72349548339844
Cyclic,664,2.0,-11.444330215454102,10.930686950683594,158.51571655273438
Cyclic,678,0.0,-10.58444595336914,10.893765449523926,146.86004638671875
Cyclic,683,0.0,-10.166062355041504,10.889503479003906,152.90467834472656
Cyclic,695,0.0,-12.368125915527344,10.86998462677002,158.5841827392578
Cyclic,700,0.0,-13.008503913879395,10.907571792602539,197.98475646972656
Cyclic,715,1.0,-10.399683952331543,10.923225402832031,140.93597412109375
Cyclic,720,1.0,-10.31424331665039,10.915194511413574,135.91403198242188
Cyclic,734,0.0,-12.426969528198242,10.855182647705078,178.617431640625
Cyclic,739,2.0,-12.396100044250488,10.88393497467041,181.5706329345703
Cyclic,751,1.0,-11.912510871887207,10.923054695129395,162.0224151611328
Cyclic,756,2.0,-10.884974479675293,10.925100326538086,129.3168182373047
Cyclic,771,0.0,-10.197220802307129,10.900745391845703,148.03958129882812
Cyclic,776,1.0,-10.757566452026367,10.901998519897461,160.77310180664062
Cyclic,790,1.0,-11.678194999694824,10.863083839416504,160.908447265625
Cyclic,795,2.0,-11.27326488494873,10.862112998962402,166.1018829345703
Cyclic,807,2.0,-10.99393081665039,10.87726879119873,151.47006225585938
Cyclic,812,3.0,-11.613716125488281,10.861077308654785,171.6847686767578
Cyclic,827,0.0,-12.514870643615723,10.917579650878906,156.59640502929688
Cyclic,832,0.0,-11.011056900024414,10.915085792541504,164.3870086669922
Cyclic,846,0.0,-11.239997863769531,10.92842960357666,149.49575805664062
Cyclic,851,0.0,-10.762560844421387,10.910634994506836,153.57501220703125
Cyclic,863,0.0,-9.949535369873047,10.904860496520996,148.17279052734375
Cyclic,868,0.0,-12.21839714050293,10.904044151306152,180.75106811523438
Cyclic,883,0.0,-12.234950065612793,10.894307136535645,149.56536865234375
Cyclic,888,1.0,-11.962625503540039,10.921135902404785,174.6287384033203
Cyclic,902,1.0,-9.774327278137207,10.85859489440918,138.571044921875
Cyclic,907,0.0,-10.602374076843262,10.86329174041748,161.1707000732422
Cyclic,919,0.0,-11.992524147033691,10.916598320007324,146.71270751953125
Cyclic,924,0.0,-12.155563354492188,10.917539596557617,167.9427032470703
Cyclic,939,0.0,-10.894692420959473,10.940163612365723,155.10409545898438
Cyclic,944,2.0,-10.716083526611328,10.939167022705078,145.38853454589844
Cyclic,958,0.0,-11.923613548278809,10.875722885131836,178.2977752685547
Cyclic,963,1.0,-13.072688102722168,10.891983032226562,183.0147247314453
Cyclic,975,1.0,-12.375910758972168,10.913092613220215,173.2638397216797
Cyclic,980,2.0,-11.607068061828613,10.919034004211426,160.4728546142578
Cyclic,995,1.0,-10.88897705078125,10.812135696411133,154.15121459960938
Cyclic,1000,0.0,-11.979528427124023,10.847217559814453,163.72962951660156
Cyclic,1014,0.0,-11.07864761352539,10.916997909545898,157.61517333984375
Cyclic,1019,0.0,-11.415584564208984,10.931154251098633,160.52493286132812
Cyclic,1031,0.0,-10.735430717468262,10.920953750610352,138.38050842285156
Cyclic,1036,1.0,-10.899832725524902,10.92774486541748,153.43869018554688
Cyclic,1051,0.0,-12.497859954833984,10.873416900634766,157.69825744628906
Cyclic,1056,0.0,-11.972676277160645,10.900520324707031,159.08013916015625
Cyclic,1070,0.0,-12.150968551635742,10.929919242858887,155.04226684570312
Cyclic,1075,1.0,-11.725285530090332,10.916260719299316,160.06109619140625
Cyclic,1087,0.0,-11.03522777557373,10.852408409118652,168.66476440429688
Cyclic,1092,0.0,-11.832648277282715,10.864165306091309,160.0818634033203
Cyclic,1107,0.0,-12.002129554748535,10.929044723510742,151.55999755859375
Cyclic,1112,2.0,-11.413199424743652,10.932289123535156,159.0618133544922
Cyclic,1126,0.0,-11.430547714233398,10.904256820678711,172.68441772460938
Cyclic,1131,1.0,-11.189010620117188,10.90366268157959,138.3647918701172
Cyclic,1143,2.0,-10.442947387695312,10.858785629272461,143.64151000976562
Cyclic,1148,2.0,-10.904525756835938,10.84578800201416,152.41775512695312
Cyclic,1163,2.0,-10.940519332885742,10.85264778137207,148.2748260498047
Cyclic,1168,2.0,-11.476592063903809,10.865087509155273,136.35888671875
Cyclic,1182,0.0,-12.755085945129395,10.874133110046387,169.419189453125
Cyclic,1187,0.0,-12.107902526855469,10.90388298034668,166.04454040527344
Cyclic,1199,0.0,-11.921286582946777,10.9427490234375,165.9110107421875
Cyclic,1204,0.0,-10.827320098876953,10.935808181762695,142.12841796875
Cyclic,1219,0.0,-10.723626136779785,10.923566818237305,152.80116271972656
Cyclic,1224,0.0,-10.835896492004395,10.89510440826416,152.16641235351562
Cyclic,1238,0.0,-12.539058685302734,10.883544921875,178.43673706054688
Cyclic,1243,2.0,-11.986804962158203,10.891839027404785,161.07565307617188
Cyclic,1255,2.0,-10.779810905456543,10.926105499267578,142.71946716308594
Cyclic,1260,2.0,-10.104180335998535,10.886756896972656,128.7301483154297
Cyclic,1275,1.0,-12.56654167175293,10.863322257995605,178.72462463378906
Cyclic,1280,2.0,-11.955148696899414,10.888653755187988,172.08218383789062
Cyclic,1294,1.0,-11.55295181274414,10.934295654296875,152.06741333007812
Cyclic,1299,1.0,-10.716578483581543,10.923250198364258,156.22019958496094
Cyclic,1311,1.0,-10.292208671569824,10.900309562683105,150.2113800048828
Cyclic,1316,0.0,-11.450228691101074,10.905951499938965,165.74197387695312
Cyclic,1331,0.0,-11.8445405960083,10.930618286132812,152.43736267089844
Cyclic,1336,1.0,-10.843587875366211,10.920924186706543,139.06640625
Cyclic,1350,2.0,-10.511796951293945,10.89765739440918,158.86776733398438
Cyclic,1355,1.0,-10.441874504089355,10.817886352539062,153.12991333007812
Cyclic,1367,1.0,-11.23983383178711,10.848893165588379,151.34469604492188
Cyclic,1372,1.0,-11.545302391052246,10.875004768371582,180.02896118164062
Cyclic,1387,1.0,-11.54499626159668,10.933120727539062,157.9002685546875
Cyclic,1392,1.0,-10.406834602355957,10.914446830749512,146.70286560058594
Cyclic,1406,0.0,-10.799814224243164,10.914705276489258,156.43466186523438
Cyclic,1411,0.0,-12.714818000793457,10.87285327911377,164.11196899414062
Cyclic,1423,0.0,-13.046119689941406,10.929891586303711,171.19879150390625
Cyclic,1428,1.0,-11.647265434265137,10.910544395446777,136.9899139404297
Cyclic,1443,0.0,-11.048900604248047,10.849996566772461,145.28497314453125
Cyclic,1448,1.0,-12.518086433410645,10.837739944458008,191.14927673339844
Cyclic,1462,0.0,-12.346826553344727,10.940447807312012,170.5075225830078
Cyclic,1467,0.0,-12.625005722045898,10.935293197631836,161.02137756347656
Cyclic,1479,0.0,-10.884671211242676,10.967141151428223,139.0072784423828
Cyclic,1484,1.0,-9.713737487792969,10.940746307373047,143.18154907226562
Cyclic,1499,1.0,-10.705918312072754,10.885517120361328,160.63356018066406
Cyclic,1504,2.0,-10.968465805053711,10.852263450622559,150.56309509277344
Cyclic,1518,1.0,-10.959207534790039,10.845463752746582,148.096435546875
Cyclic,1523,2.0,-11.389691352844238,10.832449913024902,153.14137268066406
Cyclic,1535,0.0,-11.243086814880371,10.83376693725586,151.86045837402344
Cyclic,1540,0.0,-12.061365127563477,10.849488258361816,165.49200439453125
Cyclic,1555,0.0,-12.32412338256836,10.907872200012207,163.0271759033203
Cyclic,1560,0.0,-11.325233459472656,10.904218673706055,162.54278564453125
Cyclic,1574,0.0,-11.039971351623535,10.938567161560059,137.45455932617188
Cyclic,1579,1.0,-10.511968612670898,10.918956756591797,140.475341796875
Cyclic,1591,0.0,-11.874011039733887,10.867087364196777,169.73255920410156
Cyclic,1596,1.0,-12.412614822387695,10.868278503417969,177.4390411376953
Cyclic,1611,1.0,-12.062889099121094,10.938241004943848,168.84532165527344
Cyclic,1616,2.0,-11.180963516235352,10.912053108215332,145.7483673095703
Cyclic,1630,1.0,-11.70390510559082,10.858325004577637,177.0816650390625
Cyclic,1635,2.0,-11.948564529418945,10.8740816116333,163.99391174316406
Cyclic,1647,2.0,-11.082771301269531,10.909473419189453,156.8786163330078
Cyclic,1652,2.0,-11.600630760192871,10.933417320251465,159.16000366210938
Cyclic,1667,1.0,-10.953722953796387,10.911126136779785,159.673095703125
Cyclic,1672,2.0,-10.266905784606934,10.901984214782715,143.48150634765625
Cyclic,1686,0.0,-12.10129451751709,10.87405014038086,176.2346954345703
Cyclic,1691,1.0,-12.230470657348633,10.899523735046387,160.93145751953125
Cyclic,1703,2.0,-10.831361770629883,10.932195663452148,137.47608947753906
Cyclic,1708,2.0,-10.774693489074707,10.89267349243164,142.07037353515625
Cyclic,1723,0.0,-13.156085014343262,10.856212615966797,181.82708740234375
Cyclic,1728,1.0,-11.97150993347168,10.893824577331543,168.71014404296875
Cyclic,1742,0.0,-11.342467308044434,10.928396224975586,167.69508361816406
Cyclic,1747,1.0,-11.84423542022705,10.938676834106445,154.34979248046875
Cyclic,1759,0.0,-11.13582706451416,10.931112289428711,161.18899536132812
Cyclic,1764,0.0,-11.183258056640625,10.916983604431152,162.63011169433594
Cyclic,1779,0.0,-12.810212135314941,10.916834831237793,186.33441162109375
Cyclic,1784,1.0,-12.695698738098145,10.930413246154785,153.54042053222656
Cyclic,1798,2.0,-10.150964736938477,10.879556655883789,151.49928283691406
Cyclic,1803,1.0,-9.203154563903809,10.833761215209961,130.37306213378906
Cyclic,1815,1.0,-12.46957778930664,10.864659309387207,165.82102966308594
Cyclic,1820,2.0,-11.33950138092041,10.877113342285156,162.2659454345703
Cyclic,1835,1.0,-11.940837860107422,10.92509937286377,169.97927856445312
Cyclic,1840,1.0,-10.631348609924316,10.923049926757812,154.24142456054688
Cyclic,1854,1.0,-10.534841537475586,10.897184371948242,145.5703887939453
Cyclic,1859,1.0,-11.10312557220459,10.8698148727417,150.39683532714844
Cyclic,1871,1.0,-11.209867477416992,10.844433784484863,173.0438690185547
Cyclic,1876,1.0,-11.3714017868042,10.855595588684082,164.6292266845703
Cyclic,1891,1.0,-10.557527542114258,10.802984237670898,142.06521606445312
Cyclic,1896,0.0,-10.87952709197998,10.826114654541016,156.88404846191406
Cyclic,1910,1.0,-11.82665729522705,10.8659029006958,156.62681579589844
Cyclic,1915,1.0,-12.1178560256958,10.900408744812012,187.06655883789062
Cyclic,1927,1.0,-11.910982131958008,10.91962718963623,169.9220733642578
Cyclic,1932,1.0,-10.695502281188965,10.904273986816406,141.20343017578125
Cyclic,1947,1.0,-11.7155179977417,10.897221565246582,181.4485626220703
Cyclic,1952,1.0,-12.57575798034668,10.860013008117676,193.56459045410156
Cyclic,1966,1.0,-12.000080108642578,10.965004920959473,155.1726837158203
Cyclic,1971,2.0,-11.463083267211914,10.952971458435059,150.25730895996094
Cyclic,1983,1.0,-11.00488567352295,10.843911170959473,148.3784637451172
Cyclic,1988,1.0,-11.67136001586914,10.844161987304688,156.7738800048828
Cyclic,2003,0.0,-11.225499153137207,10.915345191955566,157.18460083007812
Cyclic,2008,1.0,-11.521321296691895,10.921201705932617,171.30984497070312
Cyclic,2022,1.0,-10.183324813842773,10.911219596862793,145.73097229003906
Cyclic,2027,1.0,-10.31396484375,10.903290748596191,134.30421447753906
Cyclic,2039,1.0,-12.737258911132812,10.862621307373047,170.1693878173828
Cyclic,2044,1.0,-12.344767570495605,10.832237243652344,159.73934936523438
Cyclic,2059,1.0,-11.358808517456055,10.912985801696777,154.05355834960938
Cyclic,2064,2.0,-11.139822006225586,10.944022178649902,138.13417053222656
Cyclic,2078,0.0,-11.436299324035645,10.871424674987793,166.44888305664062
Cyclic,2083,1.0,-12.146315574645996,10.868313789367676,166.68011474609375
Cyclic,2095,0.0,-12.010015487670898,10.912566184997559,175.87332153320312
Cyclic,2100,0.0,-11.74954891204834,10.945216178894043,165.80580139160156
Cyclic,2115,0.0,-10.702752113342285,10.952260971069336,159.302001953125
Cyclic,2120,1.0,-10.444661140441895,10.928587913513184,145.5300750732422
Cyclic,2134,0.0,-12.741774559020996,10.877699851989746,189.57618713378906
Cyclic,2139,1.0,-12.738478660583496,10.926122665405273,185.73196411132812
Cyclic,2151,2.0,-11.629888534545898,10.942042350769043,151.50816345214844
Cyclic,2156,2.0,-11.040745735168457,10.939937591552734,147.88294982910156
Cyclic,2171,0.0,-11.53132438659668,10.847285270690918,177.92066955566406
Cyclic,2176,0.0,-11.578786849975586,10.864713668823242,156.66958618164062
Cyclic,2190,0.0,-10.947851181030273,10.924578666687012,153.28639221191406
Cyclic,2195,1.0,-11.254049301147461,10.94680118560791,153.2836151123047
Cyclic,2207,0.0,-10.741317749023438,10.914064407348633,160.3448486328125
Cyclic,2212,1.0,-9.532955169677734,10.884045600891113,129.9218292236328
Cyclic,2227,1.0,-10.69449520111084,10.845664978027344,143.4914093017578
Cyclic,2232,1.0,-10.656755447387695,10.864241600036621,158.6186981201172
Cyclic,2246,1.0,-11.204044342041016,10.850564002990723,163.64979553222656
Cyclic,2251,1.0,-11.77078914642334,10.83437728881836,151.821533203125
Cyclic,2263,0.0,-11.992450714111328,10.858490943908691,163.2112579345703
Cyclic,2268,1.0,-11.957612991333008,10.88845157623291,161.97760009765625
Cyclic,2283,0.0,-11.942872047424316,10.941131591796875,156.88430786132812
Cyclic,2288,0.0,-11.36638355255127,10.93587589263916,140.09239196777344
Cyclic,2302,0.0,-10.578938484191895,10.921930313110352,155.45260620117188
Cyclic,2307,0.0,-11.275317192077637,10.920221328735352,151.98216247558594
Cyclic,2319,0.0,-12.512414932250977,10.885051727294922,158.27273559570312
Cyclic,2324,1.0,-12.081866264343262,10.916000366210938,176.7105712890625
Cyclic,2339,2.0,-10.406658172607422,10.923935890197754,149.7160186767578
Cyclic,2344,1.0,-10.042561531066895,10.817472457885742,157.85769653320312
Cyclic,2358,1.0,-11.25966739654541,10.89367961883545,155.69842529296875
Cyclic,2363,1.0,-11.995807647705078,10.852356910705566,184.7292938232422
Cyclic,2375,1.0,-11.248565673828125,10.931391716003418,160.41717529296875
Cyclic,2380,1.0,-10.625967025756836,10.93382453918457,146.74168395996094
Cyclic,2395,0.0,-11.015902519226074,10.885492324829102,167.9503173828125
Cyclic,2400,0.0,-12.493306159973145,10.848433494567871,180.70936584472656
Cyclic,2414,0.0,-12.624866485595703,10.89982795715332,174.7087860107422
Cyclic,2419,1.0,-11.963635444641113,10.886029243469238,135.432373046875
Cyclic,2431,2.0,-10.605469703674316,10.840658187866211,146.70608520507812
Cyclic,2436,1.0,-10.101212501525879,10.808769226074219,156.24600219726562
Cyclic,2451,1.0,-12.090566635131836,10.899550437927246,170.21902465820312
Cyclic,2456,1.0,-12.14299201965332,10.897238731384277,169.4840545654297
Cyclic,2470,1.0,-11.140029907226562,10.92529010772705,144.32981872558594
Cyclic,2475,1.0,-11.005478858947754,10.928445816040039,149.30419921875
Cyclic,2487,0.0,-11.636565208435059,10.897650718688965,170.9326934814453
Cyclic,2492,0.0,-12.531718254089355,10.883784294128418,175.40956115722656
Cyclic,2507,0.0,-11.440239906311035,10.930463790893555,144.75172424316406
Cyclic,2512,1.0,-10.497452735900879,10.93509578704834,165.4138641357422
Cyclic,2526,0.0,-11.078292846679688,10.83277416229248,159.7870635986328
Cyclic,2531,2.0,-13.397079467773438,10.857820510864258,194.32618713378906
Cyclic,2543,1.0,-11.736534118652344,10.892111778259277,168.1864471435547
Cyclic,2548,1.0,-11.47417163848877,10.900308609008789,150.08975219726562
Cyclic,2563,1.0,-10.561832427978516,10.918060302734375,143.25453186035156
Cyclic,2568,2.0,-11.366134643554688,10.92162036895752,142.95864868164062
Cyclic,2582,1.0,-10.770543098449707,10.837446212768555,151.72149658203125
Cyclic,2587,2.0,-10.591111183166504,10.820049285888672,150.03077697753906
Cyclic,2599,2.0,-11.543851852416992,10.847898483276367,171.1376953125
Cyclic,2604,2.0,-10.844352722167969,10.836800575256348,146.08229064941406
Cyclic,2619,0.0,-12.478458404541016,10.829751968383789,180.16673278808594
Cyclic,2624,0.0,-12.973684310913086,10.846598625183105,207.900634765625
Cyclic,2638,0.0,-11.514719009399414,10.90873908996582,153.16073608398438
Cyclic,2643,0.0,-10.531929016113281,10.918610572814941,158.0837860107422
Cyclic,2655,0.0,-11.347982406616211,10.904755592346191,157.0150146484375
Cyclic,2660,2.0,-11.418864250183105,10.904746055603027,140.3104248046875
Cyclic,2675,0.0,-12.194583892822266,10.832801818847656,171.07176208496094
Cyclic,2680,1.0,-11.791892051696777,10.873973846435547,145.47250366210938
Cyclic,2694,1.0,-10.81564712524414,10.928668022155762,134.80787658691406
Cyclic,2699,2.0,-10.61667251586914,10.891634941101074,155.3097381591797
Cyclic,2711,0.0,-11.18167781829834,10.871773719787598,157.16525268554688
Cyclic,2716,1.0,-12.081581115722656,10.884296417236328,168.42674255371094
Cyclic,2731,0.0,-11.758437156677246,10.944947242736816,172.56192016601562
Cyclic,2736,0.0,-11.196354866027832,10.935760498046875,154.11924743652344
Cyclic,2750,1.0,-10.002212524414062,10.914546966552734,133.27903747558594
Cyclic,2755,0.0,-10.435571670532227,10.871708869934082,143.05978393554688
Cyclic,2767,0.0,-12.533621788024902,10.902796745300293,179.6289520263672
Cyclic,2772,1.0,-11.559181213378906,10.942917823791504,165.08676147460938
Cyclic,2787,2.0,-10.919641494750977,10.900810241699219,146.21969604492188
Cyclic,2792,2.0,-11.185693740844727,10.845202445983887,149.38531494140625
Cyclic,2806,1.0,-11.937602996826172,10.889408111572266,172.99514770507812
Cyclic,2811,1.0,-11.580192565917969,10.909618377685547,156.54986572265625
Cyclic,2823,1.0,-11.624307632446289,10.924612045288086,161.1079864501953
Cyclic,2828,1.0,-11.294416427612305,10.930586814880371,157.84408569335938
Cyclic,2843,0.0,-10.812365531921387,10.903491973876953,159.90354919433594
Cyclic,2848,0.0,-11.402339935302734,10.901765823364258,164.88140869140625
Cyclic,2862,0.0,-12.446023941040039,10.95755386352539,174.7965545654297
Cyclic,2867,2.0,-11.926145553588867,10.949437141418457,153.802978515625
Cyclic,2879,1.0,-10.760981559753418,10.92856216430664,158.05511474609375
Cyclic,2884,0.0,-11.21693229675293,10.858978271484375,187.94268798828125
Cyclic,2899,0.0,-12.752589225769043,10.951812744140625,160.03465270996094
Cyclic,2904,0.0,-12.90146255493164,10.958202362060547,159.37985229492188
Cyclic,2918,0.0,-10.580381393432617,10.940408706665039,147.01739501953125
Cyclic,2923,0.0,-11.055296897888184,10.940689086914062,156.66578674316406
Cyclic,2935,1.0,-10.5526762008667,10.879876136779785,143.55906677246094
Cyclic,2940,1.0,-10.8263578414917,10.869097709655762,151.67056274414062
Cyclic,2955,1.0,-11.095553398132324,10.862469673156738,155.3731689453125
Cyclic,2960,3.0,-11.569135665893555,10.828103065490723,150.38644409179688
Cyclic,2974,1.0,-12.071185111999512,10.8232421875,163.5901641845703
Cyclic,2979,0.0,-11.294380187988281,10.872956275939941,165.61683654785156
Cyclic,2991,0.0,-11.247897148132324,10.899643898010254,160.76039123535156
Cyclic,2996,0.0,-11.838356971740723,10.933924674987793,170.00357055664062
Cyclic,3011,0.0,-11.331512451171875,10.959566116333008,145.0580596923828
Cyclic,3016,1.0,-11.120753288269043,10.94212818145752,146.48794555664062
Cyclic,3030,0.0,-12.22115421295166,10.904518127441406,162.99737548828125
Cyclic,3035,0.0,-12.787126541137695,10.891072273254395,179.172607421875
Cyclic,3047,1.0,-10.148468971252441,10.943543434143066,140.20327758789062
Cyclic,3052,2.0,-10.692976951599121,10.90945816040039,144.1529998779297
Cyclic,3067,1.0,-11.267663955688477,10.822574615478516,173.64739990234375
Cyclic,3072,1.0,-12.365764617919922,10.852779388427734,179.2166748046875
Cyclic,3086,1.0,-11.86762809753418,10.932652473449707,175.21897888183594
Cyclic,3091,1.0,-11.086555480957031,10.945581436157227,143.1150360107422
Cyclic,3103,1.0,-10.76449203491211,10.915691375732422,165.09747314453125
Cyclic,3108,1.0,-10.622666358947754,10.908082962036133,145.2855682373047
Cyclic,3123,0.0,-11.940722465515137,10.880876541137695,176.638916015625
Cyclic,3128,0.0,-12.889544486999512,10.88916015625,179.06289672851562
Cyclic,3142,1.0,-11.03614616394043,10.896480560302734,161.26585388183594
Cyclic,3147,2.0,-11.350460052490234,10.872686386108398,152.16506958007812
Cyclic,3159,1.0,-11.410768508911133,10.8379545211792,162.82481384277344
Cyclic,3164,2.0,-12.469034194946289,10.853882789611816,161.16917419433594
Cyclic,3179,1.0,-11.670509338378906,10.933961868286133,163.82144165039062
Cyclic,3184,1.0,-11.772916793823242,10.943670272827148,164.35032653808594
Cyclic,3198,0.0,-11.227015495300293,10.924736976623535,154.69285583496094
Cyclic,3203,0.0,-10.855341911315918,10.915020942687988,154.69427490234375
Cyclic,3215,0.0,-11.889361381530762,10.861418724060059,171.5332794189453
Cyclic,3220,1.0,-12.182722091674805,10.889532089233398,156.6427001953125
Cyclic,3235,1.0,-10.788723945617676,10.917863845825195,136.50848388671875
Cyclic,3240,2.0,-9.883201599121094,10.877946853637695,119.83253479003906
Cyclic,3254,1.0,-11.612618446350098,10.876297950744629,164.5894317626953
Cyclic,3259,1.0,-11.712352752685547,10.906044960021973,151.9487762451172
Cyclic,3271,1.0,-11.793018341064453,10.936432838439941,162.8956756591797
Cyclic,3276,1.0,-11.225255012512207,10.9190673828125,162.94664001464844
Cyclic,3291,0.0,-10.334808349609375,10.908644676208496,148.9179229736328
Cyclic,3296,1.0,-10.174569129943848,10.898256301879883,145.82705688476562
Cyclic,3310,1.0,-11.896400451660156,10.865306854248047,176.0548095703125
Cyclic,3315,2.0,-11.456018447875977,10.855931282043457,171.06581115722656
Cyclic,3327,2.0,-11.7816801071167,10.835198402404785,161.47702026367188
Cyclic,3332,2.0,-11.221423149108887,10.816927909851074,166.0748748779297
Cyclic,3347,1.0,-12.364160537719727,10.89902400970459,169.3671112060547
Cyclic,3352,1.0,-11.63770866394043,10.874929428100586,159.96446228027344
Cyclic,3366,1.0,-11.198899269104004,10.916760444641113,150.4317626953125
Cyclic,3371,1.0,-11.233174324035645,10.918761253356934,159.56675720214844
Cyclic,3383,0.0,-10.519444465637207,10.893011093139648,143.30023193359375
Cyclic,3388,0.0,-11.355751991271973,10.89380931854248,167.0574493408203
Cyclic,3403,0.0,-12.783318519592285,10.951713562011719,161.21041870117188
Cyclic,3408,3.0,-10.769380569458008,10.936603546142578,155.48472595214844
Cyclic,3422,2.0,-10.58023738861084,10.860855102539062,149.44821166992188
Cyclic,3427,2.0,-11.847941398620605,10.813727378845215,173.6102294921875
Cyclic,3439,1.0,-11.350829124450684,10.904043197631836,135.65257263183594
Cyclic,3444,1.0,-11.43394947052002,10.90124225616455,171.04226684570312
Cyclic,3459,1.0,-11.141602516174316,10.909599304199219,151.99002075195312
Cyclic,3464,1.0,-10.587471961975098,10.892073631286621,155.3926239013672
Cyclic,3478,0.0,-11.657276153564453,10.88758373260498,161.6861572265625
Cyclic,3483,0.0,-12.32952880859375,10.856639862060547,187.78448486328125
Cyclic,3495,1.0,-12.004769325256348,10.894491195678711,162.99343872070312
Cyclic,3500,2.0,-11.463671684265137,10.908984184265137,143.12326049804688
Cyclic,3515,1.0,-10.3599271774292,10.837599754333496,150.24346923828125
Cyclic,3520,1.0,-11.21588134765625,10.867472648620605,161.92970275878906
Cyclic,3534,1.0,-12.249131202697754,10.88939094543457,180.45111083984375
Cyclic,3539,1.0,-11.271363258361816,10.923991203308105,151.2719268798828
Cyclic,3551,1.0,-11.280258178710938,10.920608520507812,159.70848083496094
Cyclic,3556,1.0,-11.096854209899902,10.924785614013672,148.28636169433594
Cyclic,3571,0.0,-11.697637557983398,10.885141372680664,155.4969482421875
Cyclic,3576,2.0,-12.659821510314941,10.86406421661377,192.49691772460938
Cyclic,3590,2.0,-11.704164505004883,10.894074440002441,167.0811004638672
Cyclic,3595,3.0,-11.528472900390625,10.895292282104492,155.4319610595703
Cyclic,3607,1.0,-10.81413459777832,10.837188720703125,158.32363891601562
Random,13,0.0,-14.740311622619629,11.154266357421875,65.74683380126953
Random,18,0.0,-15.434330940246582,11.15872859954834,86.446044921875
Random,31,0.0,-16.80255699157715,11.112936973571777,99.96485900878906
Random,43,0.0,-18.666181564331055,11.089823722839355,140.25189208984375
Random,58,0.0,-9.29101276397705,11.036855697631836,132.0551300048828
Random,72,1.0,-9.877782821655273,10.993439674377441,133.0630645751953
Random,77,1.0,-11.156270027160645,10.950704574584961,161.00250244140625
Random,82,1.0,-11.104931831359863,10.927830696105957,145.09754943847656
Random,87,2.0,-11.59754467010498,10.910013198852539,154.40309143066406
Random,92,1.0,-10.96533203125,10.872270584106445,163.2636260986328
Random,107,1.0,-10.952851295471191,10.88675594329834,150.1837615966797
Random,121,1.0,-11.34654426574707,10.910637855529785,170.9063262939453
Random,132,1.0,-10.83764934539795,10.90637493133545,157.0556640625
Random,146,0.0,-11.522406578063965,10.88548469543457,168.17214965820312
Random,158,1.0,-11.06173038482666,10.873541831970215,159.8914337158203
Random,171,2.0,-10.682848930358887,10.873823165893555,160.84291076660156
Random,176,2.0,-11.107433319091797,10.860457420349121,160.72012329101562
Random,187,1.0,-11.790772438049316,10.82642936706543,172.6370391845703
Random,201,1.0,-11.112405776977539,10.881789207458496,153.31326293945312
Random,216,1.0,-11.780020713806152,10.935104370117188,158.6680145263672
Random,221,2.0,-10.568557739257812,10.903738975524902,144.3526611328125
Random,226,1.0,-11.104984283447266,10.915539741516113,144.0834503173828
Random,240,0.0,-12.647039413452148,10.857515335083008,178.82171630859375
Random,252,0.0,-12.941312789916992,10.94330883026123,184.6006317138672
Random,265,2.0,-9.604874610900879,10.88302993774414,124.41622924804688
Random,276,1.0,-10.768277168273926,10.843195915222168,159.09609985351562
Random,290,0.0,-11.259912490844727,10.916419982910156,147.2160186767578
Random,301,0.0,-11.283349990844727,10.924915313720703,164.0750732421875
Random,315,0.0,-11.296339988708496,10.90178394317627,167.3331756591797
Random,320,0.0,-11.0299072265625,10.910001754760742,149.23985290527344
Random,335,0.0,-12.340051651000977,10.884360313415527,161.38536071777344
Random,349,1.0,-11.832523345947266,10.958521842956543,173.5731658935547
Random,361,2.0,-10.098057746887207,10.87321949005127,142.99501037597656
Random,366,1.0,-10.508139610290527,10.830313682556152,153.73556518554688
Random,371,1.0,-12.044215202331543,10.858800888061523,149.22808837890625
Random,386,1.0,-11.209673881530762,10.900862693786621,150.04632568359375
Random,391,1.0,-10.989173889160156,10.936917304992676,152.15481567382812
Random,405,1.0,-10.532919883728027,10.915306091308594,156.1127166748047
Random,416,1.0,-10.552462577819824,10.924358367919922,158.26890563964844
Random,430,2.0,-11.369373321533203,10.848034858703613,167.70973205566406
Random,435,2.0,-11.69167423248291,10.83745002746582,173.20274353027344
Random,450,2.0,-11.828967094421387,10.844865798950195,147.83358764648438
Random,464,1.0,-11.413034439086914,10.853324890136719,147.96826171875
Random,477,1.0,-11.387447357177734,10.920352935791016,160.16238403320312
Random,488,1.0,-11.576177597045898,10.944538116455078,160.60833740234375
Random,502,1.0,-9.996142387390137,10.909153938293457,138.72740173339844
Random,507,0.0,-11.558210372924805,10.913117408752441,195.56199645996094
Random,518,0.0,-12.730449676513672,10.877964973449707,180.38650512695312
Random,532,1.0,-10.687578201293945,10.927160263061523,137.00588989257812
Random,547,1.0,-10.599005699157715,10.827996253967285,163.6862030029297
Random,552,2.0,-11.70269775390625,10.848830223083496,169.4425048828125
Random,557,2.0,-11.846570014953613,10.891312599182129,166.2355194091797
Random,571,1.0,-11.585343360900879,10.922566413879395,166.7271270751953
Random,582,1.0,-10.457867622375488,10.901832580566406,141.95870971679688
Random,596,0.0,-11.419538497924805,10.884652137756348,175.31796264648438
Random,601,0.0,-11.434967994689941,10.853028297424316,151.25588989257812
Random,614,0.0,-12.510668754577637,10.903077125549316,163.82080078125
Random,625,1.0,-11.195211410522461,10.93932056427002,153.9225616455078
Random,639,0.0,-12.254640579223633,10.873152732849121,168.36074829101562
Random,654,2.0,-12.195486068725586,10.926198959350586,181.8404083251953
Random,668,2.0,-11.048834800720215,10.928694725036621,147.82656860351562
Random,673,2.0,-10.813637733459473,10.92207145690918,149.68350219726562
Random,684,0.0,-10.171834945678711,10.86739730834961,152.1613311767578
Random,698,0.0,-12.605387687683105,10.884482383728027,190.27462768554688
Random,703,0.0,-12.845903396606445,10.911853790283203,173.8221435546875
Random,708,1.0,-12.249905586242676,10.96000862121582,156.96234130859375
Random,719,1.0,-10.333444595336914,10.896044731140137,141.93638610839844
Random,733,0.0,-12.29223918914795,10.86264705657959,157.5708770751953
Random,746,1.0,-12.12026309967041,10.908743858337402,183.8665771484375
Random,751,1.0,-11.964822769165039,10.923054695129395,162.0224151611328
Random,763,1.0,-11.420923233032227,10.923836708068848,156.9675750732422
Random,778,1.0,-10.961877822875977,10.904813766479492,146.72125244140625
Random,792,2.0,-11.159294128417969,10.86613655090332,149.2221221923828
Random,805,2.0,-11.238000869750977,10.863642692565918,171.55413818359375
Random,817,0.0,-11.921313285827637,10.837411880493164,182.65542602539062
Random,832,0.0,-10.958745002746582,10.915085792541504,164.3870086669922
Random,846,0.0,-11.239997863769531,10.92842960357666,149.49575805664062
Random,861,0.0,-10.420832633972168,10.895686149597168,137.98631286621094
Random,875,0.0,-12.33959674835205,10.879204750061035,162.002685546875
Random,886,0.0,-12.118834495544434,10.88084602355957,151.49732971191406
Random,900,1.0,-10.193954467773438,10.886470794677734,134.33238220214844
Random,915,0.0,-12.245866775512695,10.89150619506836,169.9671630859375
Random,929,0.0,-12.333869934082031,10.94325065612793,157.74595642089844
Random,940,0.0,-10.781820297241211,10.931044578552246,147.71849060058594
Random,945,1.0,-10.84844970703125,10.910929679870605,157.0138397216797
Random,950,1.0,-10.87232780456543,10.93272590637207,144.81886291503906
Random,964,0.0,-12.699686050415039,10.868021965026855,174.33982849121094
Random,969,2.0,-11.994098663330078,10.902043342590332,172.3516845703125
Random,982,1.0,-11.75040054321289,10.917442321777344,155.59207153320312
Random,993,1.0,-11.104300498962402,10.839269638061523,157.77767944335938
Random,1007,0.0,-11.692666053771973,10.90774154663086,167.7572784423828
Random,1012,0.0,-11.030513763427734,10.906512260437012,159.68292236328125
Random,1027,0.0,-11.198555946350098,10.954073905944824,168.6941680908203
Random,1041,1.0,-10.489526748657227,10.909341812133789,138.1421356201172
Random,1053,0.0,-12.134902000427246,10.870931625366211,172.09326171875
Random,1066,0.0,-12.458845138549805,10.895562171936035,158.61981201171875
Random,1071,1.0,-12.243896484375,10.94577407836914,161.47203063964844
Random,1076,1.0,-11.737282752990723,10.905527114868164,158.45257568359375
Random,1081,1.0,-10.52491283416748,10.86196231842041,142.6785888671875
Random,1092,0.0,-11.780336380004883,10.864165306091309,160.0818634033203
Random,1097,0.0,-12.636897087097168,10.894783020019531,182.843994140625
Random,1111,0.0,-11.254061698913574,10.924400329589844,152.8336639404297
Random,1116,1.0,-11.336136817932129,10.929821968078613,147.8045654296875
Random,1129,0.0,-11.543068885803223,10.912238121032715,162.06793212890625
Random,1134,2.0,-10.417466163635254,10.888605117797852,143.4986572265625
Random,1145,2.0,-10.615924835205078,10.840189933776855,152.1788787841797
Random,1159,2.0,-10.87487506866455,10.86057186126709,149.073486328125
Random,1164,2.0,-11.353048324584961,10.861740112304688,174.36961364746094
Random,1169,2.0,-11.217578887939453,10.877664566040039,152.3185577392578
Random,1174,1.0,-11.606192588806152,10.84804630279541,160.96356201171875
Random,1185,0.0,-12.172924041748047,10.866788864135742,162.8822784423828
Random,1190,1.0,-11.65157413482666,10.902344703674316,158.22064208984375
Random,1195,0.0,-11.904265403747559,10.913942337036133,166.31781005859375
Random,1209,0.0,-10.794060707092285,10.942139625549316,143.57357788085938
Random,1224,0.0,-10.783584594726562,10.89510440826416,152.16641235351562
Random,1229,0.0,-12.185166358947754,10.856514930725098,181.7237548828125
Random,1243,0.0,-11.934493064880371,10.891839027404785,161.07565307617188
Random,1258,2.0,-10.380270004272461,10.889738082885742,140.0857696533203
Random,1272,1.0,-12.610729217529297,10.856273651123047,178.10560607910156
Random,1277,1.0,-12.45031452178955,10.915884971618652,179.0902099609375
Random,1288,1.0,-12.366960525512695,10.924957275390625,165.08885192871094
Random,1293,1.0,-11.6224365234375,10.925373077392578,146.2589111328125
Random,1307,0.0,-10.365619659423828,10.918625831604004,144.61570739746094
Random,1322,0.0,-12.380038261413574,10.867667198181152,180.03369140625
Random,1336,1.0,-10.791275024414062,10.920924186706543,139.06640625
Random,1341,2.0,-11.120285034179688,10.914568901062012,154.33584594726562
Random,1346,3.0,-10.252812385559082,10.887696266174316,146.9062042236328
Random,1361,1.0,-10.912583351135254,10.839815139770508,151.9619140625
Random,1366,1.0,-11.454845428466797,10.849794387817383,162.14381408691406
Random,1371,1.0,-11.191832542419434,10.862093925476074,149.4178924560547
Random,1385,1.0,-11.63586139678955,10.922091484069824,159.3058319091797
Random,1398,0.0,-11.24932861328125,10.927044868469238,166.411376953125
Random,1410,0.0,-12.553181648254395,10.889176368713379,191.33261108398438
Random,1425,0.0,-12.669257164001465,10.944709777832031,165.25619506835938
Random,1439,1.0,-11.782737731933594,10.920465469360352,173.3814239501953
Random,1451,0.0,-13.251205444335938,10.863259315490723,179.2554168701172
Random,1466,0.0,-12.70777702331543,10.960921287536621,171.5633087158203
Random,1471,0.0,-12.350251197814941,10.972362518310547,158.48611450195312
Random,1485,0.0,-10.043651580810547,10.948686599731445,162.1161651611328
Random,1498,1.0,-10.541892051696777,10.903629302978516,145.41580200195312
Random,1503,2.0,-11.111868858337402,10.860380172729492,149.7576141357422
Random,1508,1.0,-11.676700592041016,10.857061386108398,149.54161071777344
Random,1519,2.0,-10.961353302001953,10.824089050292969,155.35691833496094
Random,1533,1.0,-11.129521369934082,10.830574989318848,163.5618438720703
Random,1546,0.0,-11.982388496398926,10.874356269836426,160.0419921875
Random,1557,0.0,-11.97573184967041,10.902120590209961,155.8408203125
Random,1571,0.0,-11.945395469665527,10.947553634643555,157.05992126464844
Random,1583,0.0,-10.420977592468262,10.898340225219727,146.76632690429688
Random,1596,0.0,-12.360302925109863,10.868278503417969,177.4390411376953
Random,1608,1.0,-12.226753234863281,10.928797721862793,180.83746337890625
Random,1613,2.0,-11.728517532348633,10.945727348327637,169.3560791015625
Random,1626,1.0,-11.075640678405762,10.852532386779785,167.9130096435547
Random,1631,2.0,-11.665799140930176,10.85688304901123,161.56344604492188
Random,1636,2.0,-12.023451805114746,10.876264572143555,162.96043395996094
Random,1647,2.0,-11.082771301269531,10.909473419189453,156.8786163330078
Random,1661,2.0,-10.321950912475586,10.921941757202148,138.888671875
Random,1666,2.0,-10.983074188232422,10.92120361328125,162.07144165039062
Random,1677,0.0,-11.661089897155762,10.883180618286133,165.8601531982422
Random,1682,0.0,-12.058220863342285,10.862716674804688,161.70709228515625
Random,1687,0.0,-12.33975601196289,10.892505645751953,170.91744995117188
Random,1692,2.0,-12.157352447509766,10.960588455200195,157.86083984375
Random,1697,2.0,-11.485189437866211,10.937019348144531,163.69139099121094
Random,1711,2.0,-10.649288177490234,10.819995880126953,144.1169891357422
Random,1716,0.0,-10.801593780517578,10.84487247467041,160.55670166015625
Random,1721,0.0,-13.112811088562012,10.856268882751465,195.1289520263672
Random,1732,0.0,-11.001945495605469,10.88708209991455,144.64442443847656
Random,1746,0.0,-11.98196029663086,10.946979522705078,165.76614379882812
Random,1757,0.0,-11.258328437805176,10.9390869140625,160.04299926757812
Random,1762,1.0,-10.94205093383789,10.92171859741211,153.9268798828125
Random,1776,0.0,-12.923686027526855,10.870842933654785,177.4256591796875
Random,1788,1.0,-11.616780281066895,10.928840637207031,152.274169921875
Random,1801,2.0,-9.765349388122559,10.852055549621582,123.54198455810547
Random,1813,1.0,-12.639039993286133,10.85165786743164,171.92027282714844
Random,1826,1.0,-11.773508071899414,10.915310859680176,154.06288146972656
Random,1831,1.0,-10.820343971252441,10.904555320739746,148.16871643066406
Random,1842,1.0,-10.683692932128906,10.908011436462402,151.0037078857422
Random,1856,1.0,-10.727461814880371,10.911882400512695,155.8346405029297
Random,1861,1.0,-11.00805377960205,10.842774391174316,152.22915649414062
Random,1866,2.0,-11.79889965057373,10.834145545959473,162.4837646484375
Random,1877,1.0,-11.471151351928711,10.852216720581055,173.4511260986328
Random,1891,1.0,-10.557527542114258,10.802984237670898,142.06521606445312
Random,1903,0.0,-12.081514358520508,10.818472862243652,164.74365234375
Random,1916,1.0,-12.277288436889648,10.879396438598633,162.8124542236328
Random,1927,1.0,-11.910982131958008,10.91962718963623,169.9220733642578
Random,1941,1.0,-10.734587669372559,10.893763542175293,152.51895141601562
Random,1952,1.0,-12.523446083068848,10.860013008117676,193.56459045410156
Random,1966,1.0,-12.000080108642578,10.965004920959473,155.1726837158203
Random,1977,2.0,-10.597798347473145,10.918694496154785,132.70748901367188
Random,1991,0.0,-12.190095901489258,10.863119125366211,166.99822998046875
Random,2006,0.0,-11.430835723876953,10.898082733154297,156.29193115234375
Random,2020,1.0,-10.187211036682129,10.9185791015625,142.20159912109375
Random,2032,1.0,-10.139005661010742,10.879298210144043,155.89137268066406
Random,2045,1.0,-12.10429859161377,10.845024108886719,169.53933715820312
Random,2050,2.0,-12.853656768798828,10.875802040100098,178.07969665527344
Random,2055,1.0,-12.396622657775879,10.929068565368652,154.8376007080078
Random,2066,2.0,-11.315140724182129,10.951910972595215,165.500732421875
Random,2080,0.0,-12.231087684631348,10.870393753051758,161.81129455566406
Random,2085,1.0,-11.951363563537598,10.866442680358887,168.35507202148438
Random,2090,1.0,-12.46200942993164,10.90543270111084,187.26341247558594
Random,2103,0.0,-11.396976470947266,10.952982902526855,170.88980102539062
Random,2108,0.0,-10.77741527557373,10.949338912963867,142.3015594482422
Random,2119,1.0,-10.588461875915527,10.927936553955078,140.2426300048828
Random,2133,0.0,-12.311735153198242,10.865654945373535,182.23521423339844
Random,2146,1.0,-12.426630020141602,10.936253547668457,160.51388549804688
Random,2157,2.0,-11.221902847290039,10.921858787536621,169.2859649658203
Random,2171,0.0,-11.53132438659668,10.847285270690918,177.92066955566406
Random,2182,0.0,-11.069679260253906,10.910720825195312,157.5529022216797
Random,2196,1.0,-11.193560600280762,10.933304786682129,149.59323120117188
Random,2209,0.0,-10.108210563659668,10.894712448120117,127.60346984863281
Random,2221,1.0,-10.59312629699707,10.855052947998047,165.48109436035156
Random,2226,1.0,-11.108955383300781,10.86286735534668,146.3321533203125
Random,2241,1.0,-11.235020637512207,10.859387397766113,140.55157470703125
Random,2255,0.0,-10.964759826660156,10.812359809875488,149.85279846191406
Random,2270,0.0,-11.568184852600098,10.88629150390625,164.8421173095703
Random,2284,0.0,-12.1217679977417,10.9374418258667,168.106689453125
Random,2295,0.0,-10.978216171264648,10.947340965270996,141.10586547851562
Random,2300,1.0,-10.813309669494629,10.922962188720703,143.76376342773438
Random,2314,0.0,-12.044574737548828,10.882864952087402,157.98728942871094
Random,2319,2.0,-12.564727783203125,10.885051727294922,158.27273559570312
Random,2330,1.0,-11.183120727539062,10.924056053161621,149.22093200683594
Random,2344,1.0,-9.990249633789062,10.817472457885742,157.85769653320312
Random,2349,1.0,-12.15380573272705,10.876957893371582,172.64891052246094
Random,2361,1.0,-11.5856294631958,10.867671966552734,166.97756958007812
Random,2376,1.0,-11.103351593017578,10.915913581848145,149.92111206054688
Random,2390,0.0,-10.605299949645996,10.905464172363281,145.7410430908203
Random,2403,0.0,-12.685861587524414,10.877277374267578,180.62855529785156
Random,2414,0.0,-12.624866485595703,10.89982795715332,174.7087860107422
Random,2428,1.0,-10.905993461608887,10.889185905456543,147.8805694580078
Random,2443,1.0,-11.457533836364746,10.838251113891602,172.65768432617188
Random,2457,1.0,-11.989835739135742,10.916882514953613,164.2252655029297
Random,2462,1.0,-11.76961612701416,10.939286231994629,164.50802612304688
Random,2474,1.0,-10.882331848144531,10.90980052947998,157.224609375
Random,2489,0.0,-12.162906646728516,10.891202926635742,185.61561584472656
Random,2503,0.0,-12.207195281982422,10.910703659057617,168.22715759277344
Random,2518,1.0,-10.408801078796387,10.904303550720215,145.5757598876953
Random,2523,0.0,-10.320594787597656,10.821253776550293,152.84909057617188
Random,2537,0.0,-12.717884063720703,10.874211311340332,147.99090576171875
Random,2552,1.0,-11.027743339538574,10.917259216308594,157.0467987060547
Random,2566,1.0,-11.343657493591309,10.915655136108398,160.06857299804688
Random,2571,3.0,-10.668793678283691,10.912093162536621,149.31033325195312
Random,2586,1.0,-10.562874794006348,10.81958293914795,149.39456176757812
Random,2600,2.0,-11.401564598083496,10.846726417541504,162.22213745117188
Random,2613,1.0,-11.076606750488281,10.809325218200684,158.3924102783203
Random,2624,0.0,-12.921372413635254,10.846598625183105,207.900634765625
Random,2629,0.0,-12.22595500946045,10.910771369934082,159.4674835205078
Random,2643,0.0,-10.47961711883545,10.918610572814941,158.0837860107422
Random,2655,0.0,-11.347982406616211,10.904755592346191,157.0150146484375
Random,2670,0.0,-11.595386505126953,10.85267448425293,162.6088104248047
Random,2684,0.0,-11.57259464263916,10.859015464782715,161.7437744140625
Random,2696,2.0,-10.153511047363281,10.942455291748047,140.99655151367188
Random,2711,0.0,-11.18167781829834,10.871773719787598,157.16525268554688
Random,2725,0.0,-11.260777473449707,10.896297454833984,171.56443786621094
Random,2736,0.0,-11.14404296875,10.935760498046875,154.11924743652344
Random,2750,1.0,-10.002212524414062,10.914546966552734,133.27903747558594
Random,2763,0.0,-12.626449584960938,10.862499237060547,181.4825897216797
Random,2768,1.0,-12.192150115966797,10.883849143981934,153.82923889160156
Random,2780,1.0,-11.069520950317383,10.902953147888184,157.06967163085938
Random,2785,2.0,-11.090082168579102,10.91828727722168,157.97171020507812
Random,2800,1.0,-11.000720977783203,10.830720901489258,171.2557373046875
Random,2814,1.0,-11.15424633026123,10.918360710144043,171.18577575683594
Random,2829,1.0,-11.05457878112793,10.925161361694336,151.493896484375
Random,2843,0.0,-10.812365531921387,10.903491973876953,159.90354919433594
Random,2858,0.0,-12.026103973388672,10.907160758972168,159.1763458251953
Random,2863,1.0,-12.88428020477295,10.90450668334961,186.2791290283203
Random,2868,2.0,-11.664041519165039,10.931848526000977,164.01101684570312
Random,2882,1.0,-10.503313064575195,10.845032691955566,144.84129333496094
Random,2893,0.0,-13.251426696777344,10.906903266906738,192.5802459716797
Random,2907,0.0,-12.422191619873047,10.956900596618652,173.12872314453125
Random,2912,0.0,-11.807352066040039,10.969398498535156,173.43153381347656
Random,2927,0.0,-11.236444473266602,10.901655197143555,161.2467803955078
Random,2941,1.0,-10.62133502960205,10.868877410888672,143.1829833984375
Random,2956,2.0,-11.299979209899902,10.86388874053955,164.05712890625
Random,2970,2.0,-12.55055046081543,10.845151901245117,162.22122192382812
Random,2975,0.0,-11.94232177734375,10.83758544921875,149.498291015625
Random,2986,0.0,-12.072417259216309,10.91289234161377,155.67901611328125
Random,3000,0.0,-11.749648094177246,10.9470796585083,163.33831787109375
Random,3011,0.0,-11.331512451171875,10.959566116333008,145.0580596923828
Random,3025,0.0,-11.330160140991211,10.896931648254395,166.96905517578125
Random,3038,0.0,-12.687132835388184,10.922987937927246,163.231201171875
Random,3043,1.0,-11.675058364868164,10.930158615112305,149.12498474121094
Random,3048,2.0,-10.11585521697998,10.919538497924805,139.29917907714844
Random,3059,2.0,-10.147589683532715,10.884270668029785,138.62484741210938
Random,3073,1.0,-12.330134391784668,10.859392166137695,172.7035675048828
Random,3078,1.0,-12.08549690246582,10.907958030700684,140.9882049560547
Random,3093,1.0,-10.804947853088379,10.930712699890137,155.2398223876953
Random,3098,1.0,-10.219683647155762,10.92241096496582,138.41241455078125
Random,3103,1.0,-10.871798515319824,10.915691375732422,165.09747314453125
Random,3117,0.0,-12.005035400390625,10.8853759765625,188.78538513183594
Random,3130,0.0,-12.736245155334473,10.8809175491333,163.07481384277344
Random,3142,1.0,-11.03614616394043,10.896480560302734,161.26585388183594
Random,3157,1.0,-11.291415214538574,10.836801528930664,172.63682556152344
Random,3162,2.0,-11.978731155395508,10.852091789245605,163.58905029296875
Random,3176,1.0,-11.871728897094727,10.915716171264648,160.1690673828125
Random,3191,1.0,-10.370020866394043,10.924128532409668,148.04150390625
Random,3196,1.0,-10.640276908874512,10.941588401794434,155.64010620117188
Random,3210,0.0,-12.031123161315918,10.86704158782959,171.437744140625
Random,3215,0.0,-11.941673278808594,10.861418724060059,171.5332794189453
Random,3227,1.0,-11.227484703063965,10.936347961425781,151.8087158203125
Random,3240,2.0,-9.830888748168945,10.877946853637695,119.83253479003906
Random,3252,1.0,-12.008773803710938,10.855286598205566,156.26095581054688
Random,3267,1.0,-11.647439956665039,10.9232759475708,165.0101776123047
Random,3281,1.0,-11.14823055267334,10.892444610595703,164.09597778320312
Random,3293,1.0,-10.30074691772461,10.88942813873291,153.15869140625
Random,3308,1.0,-11.730708122253418,10.843701362609863,163.66583251953125
Random,3322,2.0,-11.045114517211914,10.829919815063477,154.6253662109375
Random,3337,1.0,-12.297901153564453,10.841456413269043,193.62794494628906
Random,3342,1.0,-12.969278335571289,10.861677169799805,161.5272979736328
Random,3356,1.0,-11.611367225646973,10.908575057983398,158.67181396484375
Random,3361,1.0,-11.101926803588867,10.928387641906738,144.17124938964844
Random,3373,1.0,-11.284961700439453,10.910189628601074,159.87222290039062
Random,3378,1.0,-10.953897476196289,10.89898681640625,150.96934509277344
Random,3383,0.0,-10.626749992370605,10.893011093139648,143.30023193359375
Random,3388,0.0,-11.468559265136719,10.89380931854248,167.0574493408203
Random,3401,0.0,-13.094400405883789,10.930459976196289,175.77418518066406
Random,3413,1.0,-10.749187469482422,10.955056190490723,144.89422607421875
Random,3426,1.0,-11.45156192779541,10.829154014587402,163.53079223632812
Random,3437,1.0,-11.790056228637695,10.922432899475098,160.35028076171875
Random,3442,1.0,-11.009272575378418,10.879886627197266,162.15267944335938
Random,3456,1.0,-11.320115089416504,10.917677879333496,154.72323608398438
Random,3467,0.0,-10.69205093383789,10.897650718688965,151.24798583984375
Random,3481,0.0,-11.790711402893066,10.855451583862305,152.8262939453125
Random,3486,0.0,-12.07004165649414,10.840981483459473,163.3191375732422
Random,3498,1.0,-11.827554702758789,10.929283142089844,160.41326904296875
Random,3513,1.0,-10.184370994567871,10.832487106323242,144.1281280517578
Random,3527,1.0,-11.649864196777344,10.877655029296875,152.8491668701172
Random,3532,1.0,-12.285979270935059,10.899385452270508,170.02540588378906
Random,3545,1.0,-11.80936050415039,10.93340015411377,166.00575256347656
Random,3550,1.0,-11.346983909606934,10.924798965454102,167.21812438964844
Random,3555,1.0,-11.314499855041504,10.92747974395752,156.5139617919922
Random,3566,0.0,-10.801152229309082,10.91818904876709,165.48309326171875
Random,3580,1.0,-13.091835021972656,10.897194862365723,163.7723846435547
Random,3591,2.0,-11.949546813964844,10.892687797546387,173.91981506347656
Random,3596,3.0,-11.225253105163574,10.843114852905273,152.62631225585938
Random,3601,3.0,-10.668057441711426,10.844797134399414,166.1919708251953
